step,users,conversion_rate,drop_off,drop_off_rate
page_view,269792,1.0,,
view_item,61252,0.2270341596489147,208540,0.7729658403510853
add_to_cart,12545,0.04649878424860633,48707,0.7951903611310651
begin_checkout,9715,0.036009221919108055,2830,0.22558788361897175
purchase,4419,0.016379284782350848,5296,0.5451363870303654
