page,view,cart,checkout,purchase,view_rate,cart_rate,checkout_rate,purchase_rate
269792,61252,12545,9715,4419,0.2270341596489147,0.20480963886893488,0.7744121163810282,0.45486361296963457
